Bit,SMILES
0,[n](-[CH3])(:[c](:[n])=[O]):[c](:[c]):[n]
1,[CH]
2,[CH2](-[CH2]-[CH2])-[CH2]-[CH2]
3,[c](:[c])(:[cH])-[CH]
4,[CH2](-[CH2])-[CH2]
5,[cH]1:[cH]:[cH]:[cH]:[c](-[C]):[c]:1-[C](=[O])-[O]
6,[cH]1:[cH]:[cH]:[cH]:[c](-[CH2]):[c]:1-[c](:[c]):[cH]
7,[c]1(-[O]-[c](:[c]):[cH]):[cH]:[cH]:[c]:[c](-[C]):[cH]:1
8,[cH](:[cH]:[cH]):[c](:[c])-[F]
9,[cH]1:[cH]:[c](-[NH2]):[cH]:[cH]:[c]:1-[S](-[NH])(=[O])=[O]
10,[O](-[CH2]-[CH2])-[c](:[cH]):[cH]
11,[C](-[CH3])(=[O])-[O]
12,[CH2](-[O]-[c](:[c]):[cH])-[CH](-[OH])-[CH2]-[OH]
13,[CH2](-[CH2])-[O]
14,[cH](:[cH]):[s]
15,[cH](:[cH]:[c]):[cH]:[c]
16,[O](-[CH3])-[C](-[NH])=[O]
17,[c](:[cH])(:[o])-[S]
18,[c](:[c])(:[cH])-[N]
19,[cH](:[cH]:[c]):[cH]:[n]
20,[N](-[CH2]-[CH3])(-[CH2]-[CH3])-[c](:[n]):[n]
21,[c](:[cH]:[cH])(:[cH]:[cH])-[CH2]-[CH2]
22,[c]1(-[Cl]):[c](-[O]-[c]):[cH]:[cH]:[c](-[Cl]):[c]:1-[Cl]
23,[C](=[O])(-[OH])-[c](:[c]):[cH]
24,[O](-[c])-[P]
25,[cH](:[cH]:[c]):[c](-[CH]):[cH]
26,[F]-[CH]
27,[cH](:[cH]:[cH]):[c](:[cH])-[S]
28,[CH2](-[OH])-[CH2]-[N]
29,[cH]1:[c](-[Cl]):[cH]:[cH]:[c](-[O]):[c]:1-[O]-[c]
30,[CH2](-[CH2]-[OH])-[N](-[CH2]-[CH2])-[c](:[cH]):[cH]
31,[cH](:[cH]:[cH]):[c](:[cH])-[CH3]
32,[cH]1:[cH]:[cH]:[cH]:[c](-[CH2]):[cH]:1
33,[CH3]
34,[c]1(-[N](-[CH3])-[CH3]):[cH]:[cH]:[c]:[cH]:[cH]:1
35,[O](-[c](:[cH]):[cH])-[P](-[O])(-[O])=[S]
36,[C]
37,[c]1(=[O]):[nH]:[c](:[cH]):[c](:[cH]):[nH]:1
38,[cH](:[cH]:[cH]):[c](-[C]):[c]
39,[CH](-[c])=[O]
40,[cH]1:[cH]:[cH]:[cH]:[c](:[n]):[c]:1:[nH]:[c]
41,[C](-[CH2])(-[NH])=[O]
42,[cH](:[cH]:[cH]):[c](:[cH])-[CH2]
43,[n](:[cH]):[n]
44,[c](:[cH]:[c])(-[O]-[c]):[c](:[cH])-[O]
45,[c](:[c])(:[cH]):[n]
46,[c](-[Cl])(:[cH]:[cH]):[cH]:[cH]
47,[cH](:[cH]:[n]):[n]:[c]
48,[n](:[cH]:[c]):[c](:[nH])=[O]
49,[C](-[CH])(=[O])-[O]
50,[O](-[CH3])-[P](-[O])(=[S])-[S]
51,[CH2](-[CH2]-[CH2]-[CH3])-[CH2]-[O]-[C]
52,[cH](:[c](:[cH])-[CH]):[c](:[cH])-[O]
53,[c](:[cH]:[cH])(:[cH]:[cH])-[NH]-[C]
54,[c](-[OH])(:[cH]:[c]):[c](:[c]):[c]
55,[P](=[S])(-[O]-[CH2])(-[O]-[CH2])-[S]-[CH2]
56,[C](=[O])(-[NH]-[c])-[NH]-[c]
57,[c]1(-[C](=[O])-[O]-[CH2]):[cH]:[cH]:[c]:[cH]:[cH]:1
58,[CH2](-[OH])-[c](:[cH]):[cH]
59,[CH](=[CH])-[CH]
60,[cH](:[c](:[cH])-[O]):[c](:[c]):[c]
61,[NH](-[c](:[n]):[s])-[S](-[c])(=[O])=[O]
62,[cH](:[cH]:[cH]):[c](:[cH])-[N]
63,[cH](:[cH]:[cH]):[c](:[cH]):[c]
64,[cH](:[cH]):[cH]
65,[cH](:[cH]:[cH]):[c](:[cH])-[OH]
66,[CH2](-[CH2]-[C])-[c](:[cH]):[cH]
67,[cH](:[cH]:[c]):[c](-[C]):[c]
68,[C](=[O])(-[O]-[CH2]-[C])-[c](:[cH]:[cH]):[cH]:[cH]
69,[O](-[C])-[CH]
70,[C](-[C])(=[O])-[O]
71,[n](:[cH]:[n]):[c](:[c]):[c]
72,[c](:[cH])(:[cH])-[N]
73,[c](:[cH])(:[c]):[n]
74,[nH](:[c]):[n]
75,[c](:[cH])(:[n])-[NH]
76,[O](-[C](-[c])=[O])-[C](-[c])(-[c])-[c]
77,[cH](:[cH]):[n]
78,[C](=[O])(-[NH]-[CH])-[c](:[cH]):[cH]
79,[CH2](-[c])-[CH]
80,[CH2]
81,[c](:[cH])(:[nH])=[O]
82,[cH]1:[cH]:[cH]:[c]:[cH]:[c]:1-[S](=[O])(=[O])-[OH]
83,[NH](-[CH2]-[C])-[C](-[CH2])=[O]
84,[CH2](-[CH2]-[CH2]-[CH2])-[O]-[C](-[c])=[O]
85,[Cl]-[CH2]
86,[c](-[Cl])(:[cH]:[c]):[c](:[cH])-[O]
87,[NH](-[C](=[O])-[NH]-[c])-[S](=[O])(=[O])-[c](:[c]):[n]
88,[cH]1:[cH]:[cH]:[cH]:[c](:[cH]):[c]:1:[cH]:[cH]
89,[c](:[cH]:[c])(-[O]-[c]):[c](:[cH])-[Cl]
90,[nH]
91,[C](#[N])-[CH](-[c])-[O]
92,[c](:[c])(-[CH3]):[n]
93,[cH]1:[cH]:[c](-[c]):[c]:[c](-[Cl]):[c]:1-[Cl]
94,[cH](:[cH]:[c]):[c](:[c])-[O]
95,[NH](-[C])-[C]
96,[CH2](-[CH2]-[CH3])-[CH2]-[CH2]-[O]
97,[S]
98,[c](:[cH]:[cH])(:[c](:[cH])-[CH2])-[CH](-[CH2])-[CH]
99,[c](:[n])(:[n]):[n]
100,[CH](-[CH2]-[OH])(-[O]-[CH])-[CH](-[CH])-[OH]
101,[cH]1:[cH]:[cH]:[cH]:[c](-[N]):[cH]:1
102,[c](:[cH]:[cH])(:[cH]:[cH])-[O]-[CH2]
103,[cH]1:[cH]:[cH]:[cH]:[c](-[c]):[c]:1-[Cl]
104,[cH](:[cH]:[cH]):[c](:[c]):[o]
105,[C](=[O])(-[c](:[cH]):[cH])-[c](:[cH]):[cH]
106,[c](:[cH]:[cH])(:[cH]:[cH])-[C](=[O])-[OH]
107,[N](-[CH2]-[CH2])(-[CH2]-[CH2])-[c](:[c]):[c]
108,[c]1(-[S](=[O])(=[O])-[NH]-[C]):[cH]:[cH]:[c]:[cH]:[cH]:1
109,[cH]1:[cH]:[c](-[O]):[c]:[cH]:[c]:1-[N+](=[O])-[O-]
110,[S](-[c])(-[C])(=[O])=[O]
111,[O](-[c](:[cH]):[cH])-[CH](-[C])-[CH3]
112,[C](-[c])#[N]
113,[C]1(=[O])-[c](:[cH]:[cH]):[c](:[cH])-[C]-[c](:[c]):[c]-1:[c](:[cH])-[OH]
114,[C]
115,[CH2](-[CH2]-[CH3])-[CH2]-[O]-[C]
116,[S]
117,[NH](-[C])-[CH]
118,[CH2](-[CH])-[O]
119,[CH2](-[CH2]-[CH2])-[CH2]-[CH2]
120,[cH](:[c](:[cH])-[C]):[c](:[cH])-[O]
121,[CH3]-[n]
122,[cH]1:[cH]:[cH]:[c]:[cH]:[c]:1-[NH]-[C]
123,[c](-[Cl])(:[cH]:[c]):[c](-[C]):[cH]
124,[c]1(-[CH2]-[C](=[O])-[OH]):[cH]:[cH]:[c]:[cH]:[cH]:1
125,[c](:[cH]:[c])(-[C](-[NH])=[O]):[c](:[cH])-[OH]
126,[cH](:[cH]:[c]):[c](:[c])-[N]
127,[c]12:[cH]:[cH]:[c]:[cH]:[c]:1:[cH]:[c]:[c](:[cH]):[cH]:2
128,[NH]
129,[c](-[NH2])(:[cH]:[cH]):[c](:[cH])-[Cl]
130,[OH]-[C]
131,[cH](:[cH]:[cH]):[cH]:[n]
132,[C](-[c])(-[CH2])(-[CH2])-[OH]
133,[cH](:[cH]:[c]):[c](:[cH])-[Br]
134,[c](:[c])(:[n])=[O]
135,[c](:[n]:[c])(:[n]:[c])-[O]-[CH3]
136,[c](-[c])(:[cH]):[cH]
137,[N](=[N]-[c])-[CH](-[C])-[C]
138,[CH2](-[C])-[CH2]
139,[CH3]-[N]
140,[NH2]-[C]
141,[CH2](-[CH3])-[C](-[C])(-[CH2])-[N]
142,[cH](:[c](:[cH])-[CH3]):[c](:[c])-[OH]
143,[c](:[cH]:[c])(:[cH]:[c])-[C](=[O])-[OH]
144,[cH](:[cH]:[c]):[c](:[cH])-[NH2]
145,[C](-[c])(=[O])-[O]
146,[c](:[c])(:[c])-[N]
147,[NH2]
148,[n]1:[c](-[NH2]):[n]:[c]:[c](:[n]):[c]:1-[NH2]
149,[cH]1:[cH]:[c](-[CH3]):[c]:[c](-[CH3]):[cH]:1
150,[S](-[c])(-[CH2])(=[O])=[O]
151,[c](-[Cl])(:[cH]:[c]):[c](:[c])-[Cl]
152,[C](=[O])(-[CH2]-[c])-[O]-[CH2]
153,[c]1(-[O]-[C](-[CH3])=[O]):[cH]:[cH]:[cH]:[cH]:[c]:1-[C](=[O])-[O]
154,[c]1(-[N+](=[O])-[O-]):[cH]:[cH]:[cH]:[c](-[C]):[c]:1-[C](=[O])-[O]
155,[c](:[cH]:[c])(:[c](:[cH])-[OH])-[N+](=[O])-[O-]
156,[N](-[CH2]-[CH2]-[CH3])(-[CH2]-[CH2]-[CH3])-[c](:[c](:[cH])-[N+]):[c](:[cH])-[N+]
157,[cH](:[c](:[c])-[OH]):[c](:[cH])-[OH]
158,[cH]1:[cH]:[cH]:[c]:[cH]:[c]:1-[Cl]
159,[CH2](-[C](-[CH3])=[O])-[C](=[O])-[NH]-[c]
160,[CH2](-[CH2]-[c])-[CH2]-[CH2]
161,[cH](:[c](-[C]):[c]):[c](:[cH])-[O]
162,[s](:[c]):[c]
163,[O](-[CH2]-[C])-[c](:[c]):[cH]
164,[cH](:[cH]:[cH]):[c](:[c])-[N+]
165,[c](-[Cl])(:[cH]:[c]):[cH]:[cH]
166,[CH2](-[CH2]-[CH2]-[CH3])-[O]-[C](-[c])=[O]
167,[c](-[OH])(:[cH]:[c]):[cH]:[c]
168,[n](:[cH]:[c]):[c](:[cH]):[c]
169,[cH]1:[cH]:[cH]:[cH]:[c](-[C]):[c]:1-[Cl]
170,[NH](-[c](:[n]:[n]):[s]:[c])-[S](=[O])(=[O])-[c](:[cH]):[cH]
171,[N+](-[c])(=[O])-[O-]
172,[cH](:[n]:[c]):[c](:[n])-[N+]
173,[S](-[NH2])(=[O])(=[O])-[c](:[cH]):[cH]
174,[cH]1:[cH]:[cH]:[cH]:[c](:[c]):[c]:1:[o]:[c]
175,[cH](:[cH]:[c]):[cH]:[cH]
176,[c](=[O])(:[cH]:[n]):[nH]:[c]
177,[c](:[cH]:[cH])(:[cH]:[cH])-[c](:[c]):[o]
178,[cH]1:[cH]:[c](-[c]):[c]:[cH]:[c]:1-[Cl]
179,[CH2](-[CH3])-[O]-[P]
180,[CH2](-[CH3])-[N](-[c])-[CH2]
181,[c](-[Cl])(:[c](-[c]):[cH]):[c](:[c])-[Cl]
182,[cH]1:[cH]:[cH]:[cH]:[cH]:[c]:1-[CH2]-[C]
183,[c](:[cH]:[cH])(-[O]-[c]):[c](:[cH])-[O]
184,[c](:[cH]:[c])(:[cH]:[cH])-[NH]-[C]
185,[cH](:[c](:[c])-[Cl]):[c](:[cH])-[Cl]
186,[C](-[C])(-[NH])=[O]
187,[c](-[OH])(:[cH]:[cH]):[c](-[C]):[cH]
188,[S](=[O])(=[O])(-[c](:[cH]):[cH])-[c](:[cH]):[cH]
189,[cH]1:[cH]:[c](:[cH]):[c]:[cH]:[c]:1-[O]-[CH3]
190,[P](=[O])(-[O])(-[O])-[O]
191,[c](:[cH])(:[cH])-[NH]
192,[P]
193,[c](:[cH]:[cH])(:[cH]:[cH])-[O]-[c]
194,[CH2](-[CH3])-[CH](-[CH2])-[CH2]
195,[O](-[CH3])-[C](-[CH2])=[O]
196,[CH2]1-[CH2]-[c](:[cH]):[c]-[CH](-[CH2])-[CH]-1-[CH](-[C])-[CH2]
197,[NH](-[C])-[CH2]
198,[c](:[cH]:[cH])(-[S]-[c]):[c](:[cH])-[NH]
199,[cH](:[c](:[c])-[N+]):[c](:[cH])-[N+]
200,[c](:[c])(:[cH])-[NH]
201,[cH]1:[cH]:[cH]:[c]:[c](-[NH2]):[cH]:1
202,[c](:[c])(:[c])-[OH]
203,[cH](:[cH]:[c]):[c](:[c]):[cH]
204,[cH]1:[cH]:[cH]:[c]:[c](-[CH2]):[cH]:1
205,[c](-[OH])(:[cH]:[c]):[c](-[C]):[cH]
206,[CH2](-[C](=[O])-[OH])-[c](:[cH]):[cH]
207,[S]
208,[c]1(-[N](-[CH2]-[CH2])-[CH2]-[CH2]):[cH]:[cH]:[c]:[cH]:[cH]:1
209,[o](:[c]):[cH]
210,[c](:[cH]:[cH])(:[cH]:[cH])-[S](=[O])(=[O])-[O]
211,[cH](:[c](:[cH])-[Cl]):[c](:[cH])-[Cl]
212,[c](:[c])(:[cH])-[CH2]
213,[c]1(-[C](=[O])-[OH]):[cH]:[cH]:[c]:[cH]:[cH]:1
214,[CH2](-[CH3])-[O]
215,[C]1(-[CH3])(-[CH3])-[CH](-[CH]=[C])-[CH]-1-[C](=[O])-[O]
216,[c](:[cH])(:[cH])-[Cl]
217,[CH2](-[CH3])-[O]-[CH]
218,[cH]1:[n]:[c](:[n]):[c](:[c]):[nH]:1
219,[CH2](-[c])-[CH2]
220,[CH](-[c])(-[CH])-[OH]
221,[c](:[cH]:[c])(-[O]-[CH3]):[c](:[cH])-[O]
222,[OH]-[CH2]
223,[c]1(-[Cl]):[cH]:[c](:[c]):[c]:[c](-[Cl]):[c]:1-[Cl]
224,[cH]1:[cH]:[n]:[c]:[c](:[nH]):[n]:1
225,[cH]1:[cH]:[cH]:[cH]:[c](-[CH]):[cH]:1
226,[cH]1:[cH]:[cH]:[cH]:[cH]:[c]:1/[CH]=[CH]
227,[OH]-[CH]
228,[O](-[c](:[cH]):[cH])-[c](:[cH]):[cH]
229,[SH]
230,[cH](:[c](:[cH])-[Cl]):[c](:[c]):[c]
231,[c]1(-[OH]):[cH]:[cH]:[c]:[cH]:[cH]:1
232,[CH](-[CH2])=[O]
233,[OH]-[CH]
234,[n](-[CH3])(:[c](:[c])=[O]):[c](:[n])=[O]
235,[cH](:[cH]:[c]):[c](:[cH])-[CH3]
236,[C](-[F])(-[F])(-[F])-[c](:[cH]):[cH]
237,[CH2](-[CH3])-[O]-[c]
238,[cH](:[c](:[c])-[CH2]):[c](:[cH])-[Cl]
239,[C](-[N])(=[O])-[O]
240,[O](-[c](:[cH]):[cH])-[c](:[c]):[cH]
241,[O]=[S]
242,[cH]1:[cH]:[cH]:[cH]:[cH]:[c]:1-[CH2]-[c]
243,[CH2](-[CH2]-[C])-[CH2]-[CH2]
244,[C](#[N])-[CH2]-[CH2]
245,[c](-[Cl])(:[cH]:[cH]):[c](:[c])-[Cl]
246,[NH](-[c])-[S]
247,[C](=[O])(-[CH2]-[O])-[N](-[CH2])-[CH2]
248,[o](:[c]):[n]
249,[O](-[CH3])-[c](:[c]):[cH]
250,[c](:[cH])(:[cH])-[N+]
251,[c]1(-[OH]):[cH]:[c](-[OH]):[c]:[c](:[o]):[cH]:1
252,[c](:[c])(:[c])-[CH3]
253,[cH]1:[cH]:[cH]:[cH]:[c](-[N]):[c]:1-[S]-[c]
254,[CH](-[CH3])(-[CH3])-[CH2]-[O]
255,[c](:[cH])(:[cH])-[CH]
256,[CH2](-[CH2]-[C])-[N](-[CH2])-[CH2]
257,[CH](=[C](\[C])-[NH])\[c](:[cH]):[cH]
258,[O](-[c])-[C]
259,[O]1-[CH2]-[O]-[c](:[cH]):[c]-1:[cH]:[c]
260,[CH](-[NH])=[O]
261,[cH](:[cH]:[cH]):[c](:[c]):[n]
262,[C](-[F])(-[F])(-[F])-[c](:[c]):[cH]
263,[C](=[O])(-[OH])-[CH2]-[CH2]
264,[O](-[C](-[C])=[O])-[CH](-[CH3])-[CH3]
265,[CH](-[CH3])(-[CH3])-[NH]-[c]
266,[cH]1:[cH]:[cH]:[cH]:[c](-[C]):[c]:1-[OH]
267,[cH]1:[cH]:[c](:[cH]):[c]:[c](:[c]):[c]:1:[cH]:[c]
268,[CH2](-[CH])-[CH]
269,[c]1(-[NH]-[C](-[c])=[O]):[cH]:[cH]:[c]:[cH]:[cH]:1
270,[c](:[c])(:[c])-[O]
271,[c](:[c])(:[cH])-[N]
272,[c]12:[cH]:[cH]:[cH]:[cH]:[c]:1:[c](-[CH2]):[cH]:[nH]:2
273,[c](:[cH]:[cH])(-[NH]-[C]):[c](:[cH])-[CH3]
274,[c](:[cH]:[c])(:[cH]:[c])-[S](=[O])(=[O])-[OH]
275,[c](:[c])(:[c])-[NH2]
276,[n](:[c](:[cH]):[c]):[c](:[c]):[cH]
277,[cH]1:[cH]:[cH]:[cH]:[c](-[S]):[cH]:1
278,[C](=[C])(-[CH3])-[O]
279,[cH]1:[cH]:[cH]:[cH]:[c](:[c]):[c]:1:[nH]:[c]
280,[c]1(-[N+](=[O])-[O-]):[cH]:[cH]:[c]:[c](-[Cl]):[cH]:1
281,[cH]1:[cH]:[c](-[C]):[cH]:[cH]:[c]:1-[NH2]
282,[CH](-[CH2]-[CH3])(-[CH2]-[CH2]-[CH2])-[CH2]-[O]-[C]
283,[CH3]-[CH]
284,[CH2](-[CH2])-[C]
285,[CH3]-[CH]
286,[C](=[O])(-[NH]-[c])-[N](-[CH3])-[CH3]
287,[cH](:[c](-[C]):[cH]):[c](-[C]):[cH]
288,[cH](:[cH]:[cH]):[c](:[cH])-[N]
289,[cH](:[cH]:[c]):[c](:[cH])-[OH]
290,[CH](-[N]=[N])(-[C](-[CH3])=[O])-[C](-[NH])=[O]
291,[CH](-[OH])(-[CH2]-[OH])-[CH2]-[O]-[c]
292,[cH]1:[cH]:[cH]:[cH]:[c](:[s]):[c]:1:[n]:[c]
293,[CH2](-[CH2]-[CH2]-[CH2])-[CH2]-[O]-[C]
294,[CH3]-[CH2]
295,[c]1(-[N+](=[O])-[O-]):[cH]:[cH]:[c]:[cH]:[cH]:1
296,[cH]1:[cH]:[c](-[C]):[c]:[cH]:[c]:1-[Cl]
297,[cH]1:[cH]:[cH]:[c]:[c](-[C]):[cH]:1
298,[c](:[cH]:[cH])(-[C](-[c])=[O]):[c](-[C]):[c]
299,[O](-[CH3])-[CH2]-[C]
300,[O]1-[CH2]-[O]-[c](:[cH]):[c]-1:[cH]:[cH]
301,[CH2](-[CH2])-[CH]
302,[n](:[cH]:[c]):[cH]:[n]
303,[c](-[Cl])(:[cH]:[cH]):[c](:[c])-[O]
304,[CH2](-[CH2]-[CH3])-[CH2]-[CH]
305,[C](#[N])-[c](:[cH]):[cH]
306,[cH]1:[cH]:[cH]:[c]:[c](-[Br]):[cH]:1
307,[NH](-[C])-[S]
308,[cH](:[c](:[c])-[F]):[c](:[c]):[c]
309,[C](-[c])(-[NH2])=[O]
310,[cH](:[cH]:[c]):[c](:[cH])-[CH2]
311,[cH](:[c](-[C]):[cH]):[c](:[c])-[N+]
312,[cH]1:[cH]:[cH]:[cH]:[c](-[O]):[cH]:1
313,[c](:[n])(:[n])-[Cl]
314,[O]=[c]
315,[cH]1:[cH]:[c](-[S]):[cH]:[cH]:[c]:1-[NH2]
316,[O](-[CH2])-[CH]
317,[c]1(-[C](-[CH3])(-[CH3])-[CH3]):[cH]:[cH]:[c]:[cH]:[cH]:1
318,[NH](-[C])-[N]
319,[c](:[cH])(:[cH])-[S]
320,[cH](:[c](-[c]):[c]):[c](:[c])-[Cl]
321,[cH]1:[c](-[N+](=[O])-[O-]):[cH]:[cH]:[c](-[NH]):[c]:1-[N+](=[O])-[O-]
322,[c](:[cH])(:[cH])-[O]
323,[c](-[c])(:[c]):[n]
324,[cH](:[cH]:[c]):[c](:[c])-[N+]
325,[cH]1:[cH]:[cH]:[cH]:[c](-[NH]):[cH]:1
326,[CH]1(-[n](:[c]):[cH])-[CH2]-[CH2]-1
327,[c](:[cH]:[cH])(:[cH]:[cH])-[n](:[c]):[n]
328,[CH](\[c])=[C]
329,[cH]1:[cH]:[cH]:[c]:[c](:[nH]):[cH]:1
330,[c]1(-[C](=[O])-[NH]-[C]):[c](-[F]):[cH]:[cH]:[cH]:[c]:1-[F]
331,[S](=[O])(=[O])(-[NH]-[C])-[c](:[cH]):[cH]
332,[c](-[Cl])(:[cH]:[cH]):[c](-[c]):[cH]
333,[c](:[c])(:[cH]):[c]
334,[CH2](-[CH3])-[NH]-[c]
335,[cH]1:[cH]:[n]:[c]:[c](:[n]):[n]:1
336,[c]1(-[NH2]):[cH]:[cH]:[c]:[cH]:[cH]:1
337,[c](-[F])(:[cH]:[n]):[c](:[nH])=[O]
338,[cH](:[c](:[c])-[Cl]):[c](:[c])-[Cl]
339,[c](:[c])(:[n])-[Cl]
340,[cH]1:[cH]:[cH]:[c]:[cH]:[c]:1-[O]-[C]
341,[c](:[cH])(:[cH])-[CH]
342,[CH2]
343,[c](:[cH]:[cH])(:[n]:[c]):[c](:[cH]):[nH]
344,[CH](\[c])=[N]
345,[cH]1:[cH]:[cH]:[cH]:[c](:[cH]):[c]:1:[cH]:[c]
346,[c](:[cH]:[c])(:[cH]:[cH])-[O]-[c]
347,[NH](-[C](-[NH])=[O])-[c](:[n]):[n]
348,[c](-[CH3])(:[cH]:[c]):[c](:[cH])-[N]
349,[c](=[O])(:[nH]:[c]):[c](:[cH])-[F]
350,[S]
351,[cH](:[n]:[c]):[n](:[c])-[CH2]
352,[c](-[c])(:[c]):[cH]
353,[cH]1:[n]:[cH]:[c]:[c](:[n]):[n]:1
354,[N+](=[O])(-[O-])-[c](:[c]):[cH]
355,[N](-[CH3])(-[CH3])-[c](:[cH]):[cH]
356,[c]
357,[c](:[cH]:[cH])(:[n]:[c]):[c](:[cH]):[n]
358,[C](#[N])-[c](:[c]):[c]
359,[n](:[n]:[cH])(-[c](:[cH]):[cH]):[c](:[c])=[O]
360,[N]
361,[c](-[C])(:[cH]):[cH]
362,[C](-[CH2])(=[O])-[O]
363,[cH]1:[cH]:[c](-[OH]):[c]:[cH]:[c]:1-[N+](=[O])-[O-]
364,[c](:[cH]:[c])(:[cH]:[c])-[N+](=[O])-[O-]
365,[cH](:[c](:[cH])-[N]):[c](:[c])-[Cl]
366,[c](:[c])(:[cH])-[Cl]
367,[c](:[cH])(:[c])-[CH3]
368,[c](:[cH]:[cH])(:[o]:[c]):[c](:[cH]):[c]
369,[c]1(-[C](-[F])(-[F])-[F]):[cH]:[cH]:[c]:[c](-[Cl]):[cH]:1
370,[cH]1:[c](-[Cl]):[c](-[Cl]):[cH]:[c](-[Cl]):[c]:1-[O]-[c]
371,[cH](:[cH]:[cH]):[c](:[c])-[CH]
372,[CH](=[CH]/[C])\[c](:[cH]):[cH]
373,[n]1:[cH]:[n]:[c]:[c](:[n]):[c]:1:[n]:[cH]
374,[c](:[c])(:[n])-[O]
375,[c](-[Cl])(:[cH]:[c]):[c](-[c]):[c]
376,[CH2](-[O]-[C])-[C](-[N])=[O]
377,[c]1(-[O]-[c](:[cH]):[cH]):[cH]:[cH]:[cH]:[cH]:[cH]:1
378,[n]
379,[n](:[cH]:[n]):[c](:[c]):[n]
380,[cH]1:[cH]:[cH]:[cH]:[c](:[o]):[c]:1:[cH]:[c]
381,[c](-[OH])(:[cH]:[c]):[cH]:[cH]
382,[CH](=[CH]/[CH])\[c](:[cH]):[o]
383,[n](:[cH]:[cH]):[cH]:[cH]
384,[cH](:[c]):[o]
385,[c](:[n])(-[NH]):[s]
386,[cH](:[cH]:[cH]):[c](:[c])-[O]
387,[NH](-[C])-[CH]
388,[CH](-[CH3])(-[CH]=[O])-[CH2]-[c](:[cH]):[cH]
389,[cH](:[cH]:[cH]):[cH]:[cH]
390,[c](:[cH]:[c])(-[c](:[cH]):[c]):[c](:[cH])-[Cl]
391,[cH]1:[cH]:[cH]:[cH]:[cH]:[c]:1-[O]-[c]
392,[CH3]-[C]
393,[c](:[cH])(:[cH])-[C]
394,[CH3]-[S]
395,[cH]1:[cH]:[c](-[Cl]):[c]:[cH]:[c]:1-[NH2]
396,[CH](-[CH2])(-[CH2])-[CH2]
397,[cH](:[cH]:[cH]):[c](:[c])-[S]
398,[c]1(-[O]-[CH](-[C])-[CH3]):[cH]:[cH]:[c]:[cH]:[cH]:1
399,[O](-[CH2]-[C](-[NH])=[O])-[C](=[O])-[c](:[cH]):[cH]
400,[c](=[O])(:[n](:[c])-[CH3]):[n](:[c])-[CH3]
401,[c](:[c])(:[n])-[O]
402,[cH]1:[cH]:[c](:[c]):[c]:[c](:[cH]):[c]:1:[cH]:[cH]
403,[NH](-[C](-[N])=[O])-[c](:[cH]):[cH]
404,[cH]1:[c](-[Cl]):[c](-[Cl]):[c]:[c](-[Cl]):[c]:1-[Cl]
405,[CH2]1-[O]-[C](=[O])-[c](:[cH]):[c]-1:[cH]:[cH]
406,[CH3]-[NH]
407,[N](-[c])(-[CH2])-[CH2]
408,[C](-[OH])(-[CH2]-[CH2])(-[CH2]-[CH2])-[c](:[cH]):[cH]
409,[c](:[n])(:[n])-[NH2]
410,[c](-[C](-[c])=[O])(:[c](-[C]):[c]):[c](:[cH])-[OH]
411,[n]1:[cH]:[n]:[c]:[c](:[n]):[cH]:1
412,[n](:[c])(:[c]):[n]
413,[cH]1:[cH]:[cH]:[c]:[c](-[NH]):[cH]:1
414,[c]1(-[N+](=[O])-[O-]):[cH]:[cH]:[c]:[c](-[C]):[cH]:1
415,[cH]1:[cH]:[cH]:[cH]:[c](:[cH]):[c]:1:[c](:[c]):[cH]
416,[c](:[c])(:[c]):[n]
417,[CH2](-[CH2]-[N])-[O]-[CH2]
418,[c](-[CH3])(:[cH]:[c]):[c](:[cH])-[NH]
419,[c](:[c])(:[cH])-[C]
420,[CH2](-[CH2]-[CH3])-[CH2]-[CH2]
421,[c](:[c])(:[c])-[F]
422,[c](:[cH]:[cH])(:[cH]:[cH])-[O]-[C]
423,[cH](:[cH]:[cH]):[c](-[C]):[c]
424,[cH](:[c](:[c])-[N+]):[c](:[cH])-[Cl]
425,[O](-[CH2]-[CH3])-[c](:[c]):[cH]
426,[c](:[cH]:[cH])(:[cH]:[n])-[C](-[NH])=[O]
427,[C](=[O])(-[CH2]-[CH2])-[c](:[cH]):[cH]
428,[n](:[c]):[cH]
429,[F]-[C]
430,[cH](:[c](:[cH])-[O]):[c](:[c])-[Cl]
431,[n](:[cH])(:[c])-[CH2]
432,[c](:[cH]:[cH])(:[cH]:[cH])-[O]-[P]
433,[NH2]-[c]
434,[c](:[c])(:[c])-[Br]
435,[c](:[c])(:[n])-[NH2]
436,[cH]1:[cH]:[cH]:[cH]:[cH]:[c]:1-[NH]-[C]
437,[cH](:[cH]:[cH]):[n]:[cH]
438,[CH](\[c])=[C]
439,[c](:[cH]:[cH])(-[C](=[O])-[O]):[c](:[cH])-[OH]
440,[cH]1:[cH]:[c](-[Cl]):[cH]:[c](-[Cl]):[c]:1-[O]-[CH2]
441,[O](-[c])-[CH2]
442,[c](-[OH])(:[cH]:[cH]):[c](:[cH])-[N+]
443,[cH]1:[cH]:[c](:[n]):[c]:[cH]:[c]:1-[O]-[CH3]
444,[O](-[C](-[CH3])=[O])-[c](:[c]):[cH]
445,[nH](:[c](:[c])=[O]):[c](:[n])=[O]
446,[cH](:[cH]:[cH]):[c](:[c])-[NH]
447,[c](-[OH])(:[cH]:[cH]):[c](-[C]):[c]
448,[cH](:[cH]:[cH]):[n]:[c]
449,[c](:[cH]:[cH])(:[cH]:[cH]):[c](:[c]):[n]
450,[cH]1:[cH]:[c](-[N+]):[c]:[cH]:[c]:1-[O]-[c]
451,[cH](:[cH]:[c]):[c](:[c])-[OH]
452,[O]=[S]
453,[c](:[cH]:[n])(-[C](=[O])-[OH]):[c](:[c])=[O]
454,[cH]1:[cH]:[cH]:[c]:[n]:[cH]:1
455,[N](=[C]=[S])-[c](:[cH]:[cH]):[cH]:[c]
456,[C](-[c])(=[O])-[OH]
457,[cH](:[cH]:[cH]):[c](:[c])-[O]
458,[N](-[CH2]-[CH2])(-[CH2]-[CH2])-[CH2]-[CH2]
459,[c](:[cH]:[cH])(:[cH]:[cH])-[S](-[C])(=[O])=[O]
460,[C](-[CH])(-[N])=[O]
461,[cH](:[cH]:[cH]):[c](:[c]):[s]
462,[c](:[cH]:[cH])(-[NH]-[c]):[c](:[cH])-[S]
463,[c](:[cH]:[cH])(:[cH]:[cH])-[CH2]-[CH3]
464,[cH](:[c]):[n]
465,[c](:[cH]:[cH])(:[cH]:[cH])-[S](-[NH2])(=[O])=[O]
466,[C](=[O])(-[O]-[C])-[c](:[c]):[cH]
467,[N](=[C])-[S]
468,[O](/[N]=[C])-[P](-[O])(-[O])=[S]
469,[O]=[S]
470,[c](/[CH]=[CH])(:[cH]:[cH]):[cH]:[cH]
471,[N](=[N]-[c])-[c](:[c]):[cH]
472,[cH](:[c](:[cH])-[OH]):[c](:[c]):[o]
473,[CH2](-[CH2])-[OH]
474,[NH](-[c])-[CH3]
475,[CH2](-[O]-[C])-[C](-[NH])=[O]
476,[c](/[CH]=[C])(:[cH]:[c]):[cH]:[cH]
477,[c](:[cH]:[c])(:[cH]:[cH])-[O]-[CH2]
478,[c](:[cH]:[cH])(-[C](-[CH])=[O]):[c](-[C]):[cH]
479,[O](-[C](=[O])-[O])-[c](:[cH]):[cH]
480,[cH]1:[cH]:[c](-[O]):[cH]:[cH]:[c]:1-[NH]-[C]
481,[CH2](-[CH2])-[S]
482,[CH2](-[CH])-[OH]
483,[CH2]1-[CH2]-[N](-[c])-[CH2]-[CH2]-[N]-1-[CH3]
484,[cH](:[cH]:[c]):[c](:[cH])-[C]
485,[cH](:[cH]:[cH]):[c](:[cH])-[Br]
486,[C](-[c])(-[NH])=[O]
487,[CH2](-[C])-[O]
488,[c](:[cH]:[cH])(-[C](=[O])-[OH]):[c](-[C]):[c]
489,[cH](:[n]):[n]
490,[c](-[C])(:[c]):[n]
491,[NH](-[c])-[c]
492,[CH2](-[CH])-[OH]
493,[cH]1:[cH]:[cH]:[c]:[c](-[OH]):[cH]:1
494,[cH]1:[cH]:[c](-[O]):[c]:[cH]:[c]:1-[Cl]
495,[c](:[cH]:[cH])(:[cH]:[cH])-[N]=[C]
496,[c](-[CH3])(:[cH]:[c]):[n]:[c]
497,[c](:[cH])(:[s])-[S]
498,[C](=[O])(-[O]-[CH2])-[c](:[cH]):[cH]
499,[CH2]1-[O]-[CH]-1-[CH2]
500,[c](:[cH]:[cH])(:[cH]:[cH])-[NH]-[c]
501,[c](:[cH]:[c])(:[o]:[c]):[c](:[c]):[c]
502,[S](-[c])(-[NH])(=[O])=[O]
503,[cH]1:[cH]:[cH]:[c]:[c](-[NH]):[cH]:1
504,[c](:[c])(:[n])=[O]
505,[cH]1:[n]:[c](:[nH])-[c]:[c](=[O]):[n]:1
506,[c](:[c])(:[c]):[nH]
507,[CH2](-[c])-[N]
508,[CH](-[CH])=[O]
509,[CH](=[N]/[N])\[c](:[cH]):[o]
510,[cH](:[cH]:[cH]):[c](:[n])-[N]
511,[cH](:[c]):[n]
512,[O](-[c])-[CH3]
513,[P](=[O])(-[O]-[c])(-[O]-[c])-[O]-[c]
514,[cH]1:[cH]:[c](-[O]):[cH]:[c](-[Cl]):[c]:1-[Cl]
515,[CH2](-[CH]=[CH2])-[O]-[c]
516,[c]12:[cH]:[cH]:[c]:[cH]:[c]:1-[CH2]-[CH2]-[CH](-[CH])-[CH]-2-[CH2]-[CH2]
517,[cH]1:[cH]:[c](-[Cl]):[cH]:[c](-[c]):[c]:1-[Cl]
518,[n](:[c]):[o]
519,[cH]1:[cH]:[c](-[NH]):[c]:[cH]:[c]:1-[N+](=[O])-[O-]
520,[CH2](-[CH3])-[CH]
521,[O](-[CH2]-[CH2]-[CH2])-[C](=[O])-[c](:[cH]):[cH]
522,[C](-[CH2]-[CH2])(-[CH2]-[CH2])(-[C](=[O])-[O])-[S](-[c])(=[O])=[O]
523,[O](-[CH2])-[CH2]
524,[cH]1:[cH]:[cH]:[cH]:[c](:[c]):[c]:1:[cH]:[cH]
525,[c](:[c])(:[c])=[O]
526,[C](-[CH3])(-[CH2])=[O]
527,[C](-[NH2])(=[O])-[N](-[CH2])-[N]
528,[cH]1:[cH]:[c](-[N+]):[o]:[c]:1/[CH]=[N]
529,[cH]1:[cH]:[c](-[CH2]):[cH]:[c](-[OH]):[c]:1-[OH]
530,[c](-[Cl])(:[cH]:[c]):[c](:[cH])-[Cl]
531,[cH]1:[cH]:[cH]:[cH]:[c](-[C]):[c]:1-[C](-[c])=[O]
532,[c](:[cH]:[cH])(:[cH]:[cH])-[C](-[CH3])(-[CH3])-[CH3]
533,[C](=[O])(-[OH])/[CH]=[CH]
534,[C](-[CH])(=[O])-[O]
535,[cH]1:[cH]:[c](-[O]):[cH]:[cH]:[c]:1-[Cl]
536,[c](:[cH]:[c])(:[c](:[c])-[OH])-[N+](=[O])-[O-]
537,[cH]1:[cH]:[cH]:[cH]:[c](-[NH]):[c]:1-[O]-[CH3]
538,[cH]1:[cH]:[cH]:[cH]:[cH]:[c]:1-[C](-[C])=[C]
539,[cH]1:[cH]:[cH]:[cH]:[cH]:[c]:1-[C](-[C])=[O]
540,[CH2](-[C])-[CH2]
541,[cH]1:[cH]:[cH]:[cH]:[c](-[C]):[c]:1-[O]-[C]
542,[c](:[cH]:[c])(:[c](:[cH])-[NH])-[N+](=[O])-[O-]
543,[s](:[c]):[cH]
544,[c](:[n]:[c])(:[n]:[cH]):[c](:[cH]):[nH]
545,[cH]1:[cH]:[cH]:[cH]:[cH]:[c]:1-[C](-[NH])=[O]
546,[c](:[cH])(:[n])-[O]
547,[S](-[c])(-[c])(=[O])=[O]
548,[n](:[cH]:[n]):[cH]:[n]
549,[cH](:[cH]:[cH]):[c](:[c]):[c]
550,[C](#[CH])-[CH2]
551,[cH]1:[cH]:[cH]:[cH]:[cH]:[c]:1-[NH]-[c]
552,[cH](:[c]):[s]
553,[c]1(-[c](:[cH]:[cH]):[cH]:[cH]):[cH]:[cH]:[cH]:[cH]:[cH]:1
554,[CH2](-[OH])-[CH](-[CH])-[O]
555,[c]1(-[S](=[O])(=[O])-[c](:[cH]):[cH]):[cH]:[cH]:[c]:[cH]:[cH]:1
556,[c](:[cH])(:[cH])-[C]
557,[cH](:[cH]:[cH]):[c](:[cH])-[CH]
558,[c](:[n])(:[n])-[NH]
559,[c](:[cH]:[cH])(:[cH]:[cH])-[N]=[N]
560,[cH]1:[cH]:[c](-[CH]):[cH]:[c](-[O]):[cH]:1
561,[Cl]-[c]
562,[cH](:[cH]:[cH]):[c](:[cH])-[O]
563,[n](:[cH]:[nH]):[c](:[c]):[n]
564,[n](:[c])(:[c])-[CH3]
565,[NH](-[c])-[CH]
566,[cH]1:[c](-[NH2]):[cH]:[cH]:[c](:[n]):[c]:1:[cH]:[c]
567,[CH2](-[CH3])-[CH](-[CH3])-[n]
568,[O](-[CH2]-[CH2])-[C](-[c])=[O]
569,[CH2](-[CH2]-[C](-[c])=[O])-[C](=[O])-[OH]
570,[c](:[cH])(:[cH])-[I]
571,[O](-[c](:[cH]:[cH]):[cH]:[cH])-[c](:[cH]:[n]):[n]:[c]
572,[c]1(-[C](=[O])-[NH]-[c]):[cH]:[cH]:[c]:[c](-[N+]):[cH]:1
573,[cH](:[cH]:[cH]):[c](:[c])-[CH2]
574,[c](-[Cl])(:[c](:[c])-[Cl]):[c](:[c])-[Cl]
575,[O](-[CH3])-[c](:[c]):[c]
576,[O](-[c](:[cH]):[c])-[c](:[c]):[cH]
577,[n](:[c])(:[cH])-[CH]
578,[OH]-[c]
579,[n](:[cH]):[cH]
580,[o](:[c]):[c]
581,[N](=[C]=[S])-[c](:[cH]):[cH]
582,[NH](-[C](-[NH])=[O])-[S](-[c])(=[O])=[O]
583,[c](:[c])(:[cH])-[OH]
584,[C](-[CH3])(-[CH3])(-[CH3])-[CH](-[CH])-[OH]
585,[CH](-[CH3])(-[CH3])-[O]-[C]
586,[c](-[C])(:[c]):[c]
587,[S](=[O])(=[O])(-[NH]-[C])-[c](:[cH]):[c]
588,[cH]1:[cH]:[n]:[c]:[c](:[c]):[n]:1
589,[cH]1:[cH]:[cH]:[c]:[c](-[C]):[cH]:1
590,[c](-[CH3])(:[cH]:[cH]):[c](:[c])-[CH3]
591,[CH2](-[CH3])-[CH2]-[CH2]
592,[OH]-[S]
593,[O](-[c])-[c]
594,[c](:[cH]:[cH])(:[cH]:[cH])-[C](-[CH2])=[O]
595,[c]1(-[Cl]):[c](-[c](:[cH]):[c]):[cH]:[c]:[c](-[Cl]):[c]:1-[Cl]
596,[cH]1:[cH]:[c](-[O]):[cH]:[cH]:[c]:1-[N+](=[O])-[O-]
597,[P](-[O])(-[O])(-[O])=[S]
598,[CH](-[c])(-[CH3])-[CH3]
599,[CH2](-[C])-[O]
600,[c](:[c])(:[n]):[n]
601,[O](-[CH3])-[P]
602,[NH](-[CH2]-[CH3])-[c](:[n]:[c]):[n]:[c]
603,[cH]1:[cH]:[cH]:[cH]:[c](:[c]):[c]:1:[cH]:[c]
604,[cH]1:[cH]:[c](-[S]):[c]:[cH]:[c]:1-[S](-[NH2])(=[O])=[O]
605,[n]1:[cH]:[n]:[c]:[c](:[n]):[c]:1-[NH2]
606,[c](:[cH]:[cH])(:[cH]:[cH])-[C](=[O])-[O]
607,[Br]-[c]
608,[c](-[Cl])(:[cH]:[c]):[c](-[c]):[cH]
609,[CH2](-[c])-[O]
610,[c](-[Cl])(:[c](:[cH])-[Cl]):[c](:[cH])-[Cl]
611,[c]1(-[Cl]):[cH]:[cH]:[cH]:[c](-[O]):[cH]:1
612,[n](:[c](:[n])-[NH]):[c](:[n])-[O]
613,[n](:[cH]:[cH]):[c](:[c]):[cH]
614,[CH2](-[CH2]-[C])-[CH2]-[CH2]
615,[n]1:[cH]:[n]:[c]:[c](:[nH]):[cH]:1
616,[S](=[O])(=[O])(-[NH]-[c](:[cH]):[cH])-[c](:[cH]:[cH]):[cH]:[cH]
617,[C](-[CH3])(=[O])-[c](:[cH]):[cH]
618,[N](=[N]-[c])-[c](:[c]):[c]
619,[cH]1:[cH]:[cH]:[c]:[c](-[N]):[cH]:1
620,[cH]1:[cH]:[cH]:[cH]:[c](:[c]):[c]:1:[n]:[c]
621,[CH2]=[CH]
622,[CH](-[CH3])(-[CH3])-[NH]-[P]
623,[cH](:[cH]:[cH]):[c](:[c])-[N]
624,[c](-[Cl])(:[c](-[c]):[cH]):[c](:[cH])-[Cl]
625,[c](-[Br])(:[cH]:[cH]):[cH]:[cH]
626,[S](-[c])(=[O])(=[O])-[OH]
627,[N](=[C](-[CH3])-[CH2])-[N](-[C])-[c]
628,[cH]1:[cH]:[c](-[CH2]):[cH]:[n]:[c]:1-[Cl]
629,[N](-[C])(-[CH3])-[CH3]
630,[CH2](-[CH2]-[CH2]-[CH2])-[CH2]-[c](:[cH]):[cH]
631,[o](:[c](-[CH]):[cH]):[c](:[cH])-[N+]
632,[cH](:[c](:[c])-[OH]):[c](:[c]):[cH]
633,[c]1(-[Cl]):[cH]:[c](-[O]):[c]:[cH]:[c]:1-[Cl]
634,[CH2](-[CH2]-[CH3])-[O]-[C](-[c])=[O]
635,[c]1(-[O]-[c](:[cH]):[cH]):[cH]:[n]:[c]:[c](:[cH]):[n]:1
636,[CH2](-[CH2]-[CH3])-[CH2]-[CH2]-[CH2]
637,[CH](\[C])=[CH]
638,[c]12:[cH]:[cH]:[cH]:[cH]:[c]:1:[cH]:[c]:[cH]:[cH]:2
639,[cH](:[cH]:[cH]):[c](:[cH])-[CH]
640,[c]1(-[NH]-[C](-[CH3])=[O]):[cH]:[cH]:[c]:[cH]:[cH]:1
641,[cH](:[cH]:[c]):[c](:[cH])-[C]
642,[CH2](-[CH2]-[CH2]-[CH2])-[CH2]-[CH2]-[O]
643,[CH2](-[O]-[c])-[C](=[O])-[O]
644,[CH2](-[CH2]-[N])-[O]-[C]
645,[O](-[CH2]-[CH2]-[O])-[c](:[cH]:[cH]):[cH]:[cH]
646,[c](:[cH])(:[cH])-[F]
647,[c](-[NH2])(:[cH]:[cH]):[cH]:[c]
648,[CH2](-[CH2]-[NH2])-[c](:[cH]:[cH]):[cH]:[cH]
649,[C](=[O])(-[O]-[CH2])-[c](:[cH]):[c]
650,[O]
651,[cH](:[n]:[cH]):[n]:[n]
652,[N](-[CH3])(-[CH3])-[CH2]
653,[CH2](-[CH2]-[CH2])-[N](-[CH2])-[CH2]
654,[n]1:[c](-[NH]-[CH2]):[n]:[c]:[n]:[c]:1-[O]-[CH3]
655,[c](:[cH]:[c])(:[cH]:[cH])-[C](-[CH3])(-[CH3])-[CH3]
656,[O]
657,[c](=[O])(:[n]:[c]):[c](:[c]):[n]
658,[CH2](-[O]-[c])-[CH](-[CH2])-[OH]
659,[Cl]
660,[C](-[CH3])(-[CH2]-[C])=[N]-[N]
661,[I]
662,[N](-[C])(-[C])-[c]
663,[N](-[c])(-[CH2])-[CH2]
664,[O](-[c])-[CH]
665,[CH2](-[CH2]-[CH3])-[n](:[c](:[c])=[O]):[c](:[n])=[O]
666,[cH](:[cH]:[c]):[c](:[c])-[Cl]
667,[CH2](-[CH2])-[NH]
668,[cH]1:[cH]:[cH]:[c]:[cH]:[c]:1-[N]=[C]
669,[C](-[c])(-[CH2])=[O]
670,[CH](-[CH3])(-[c](:[cH]):[cH])-[c](:[cH]):[cH]
671,[cH]1:[c](-[Cl]):[cH]:[c]:[c](-[O]):[c]:1-[Cl]
672,[c](:[c])(:[n]):[n]
673,[cH](:[cH]:[c]):[c](-[C]):[cH]
674,[C]
675,[s]
676,[N](-[c])(-[CH3])-[CH3]
677,[NH2]-[NH]
678,[C](-[CH3])(=[O])-[CH](-[C])-[N]
679,[O](-[CH2]-[CH3])-[P](-[O])(-[O])=[S]
680,[cH](:[cH]:[c]):[c](-[c]):[c]
681,[c](-[F])(:[n]:[c]):[c](:[c])-[Cl]
682,[c](:[cH]:[cH])(:[cH]:[cH])-[N](-[C])-[CH3]
683,[C](=[O])(-[CH2]-[O]-[c])-[O]-[CH2]-[CH2]
684,[cH](:[cH]:[cH]):[c](:[c])-[CH2]
685,[c](:[cH]:[cH])(:[cH]:[cH])-[CH](-[CH])-[OH]
686,[cH]1:[cH]:[cH]:[cH]:[c](-[C]):[cH]:1
687,[N](-[CH2]-[CH2])(-[CH2]-[CH2])-[c](:[cH]):[cH]
688,[cH]1:[cH]:[cH]:[cH]:[c](:[n]):[c]:1:[s]:[c]
689,[O](-[CH2]-[CH3])-[C](-[C])=[O]
690,[NH](-[c])-[CH]
691,[C](=[O])(-[O]-[CH3])-[c](:[cH]):[cH]
692,[O](-[CH2])-[P]
693,[N](-[CH3])(-[CH3])-[CH2]-[CH2]
694,[CH]
695,[O]
696,[cH]1:[cH]:[cH]:[cH]:[c](:[n]):[c]:1:[c](:[c])-[NH2]
697,[c](:[n])(-[NH2]):[nH]
698,[CH3]-[c]
699,[F]-[c]
700,[c](:[c])(:[c]):[n]
701,[c]1(-[F]):[cH]:[cH]:[c]:[cH]:[cH]:1
702,[CH2](-[CH3])-[NH]
703,[c]1(-[Cl]):[cH]:[cH]:[c]:[cH]:[cH]:1
704,[c]1(-[O]-[CH3]):[cH]:[c](-[CH]):[cH]:[cH]:[c]:1-[OH]
705,[S]=[P]
706,[cH]1:[cH]:[c](-[O]):[cH]:[cH]:[c]:1-[O]-[CH2]
707,[c](:[cH])(-[CH3]):[n]
708,[c](:[c])(:[n])-[NH]
709,[cH](:[cH]:[c]):[c](:[c]):[c]
710,[CH2](-[CH2]-[CH2])-[O]-[C]
711,[cH]1:[c](-[O]-[CH3]):[n]:[c]:[n]:[c]:1-[O]-[CH3]
712,[cH](:[n]:[c]):[c](:[cH])-[C]
713,[C](-[CH2])(=[O])-[OH]
714,[CH2](-[c])-[CH2]
715,[O-]
716,[c](:[c])(:[cH])-[N+]
717,[CH2](-[Cl])-[C](-[N])=[O]
718,[cH](:[cH]:[c]):[c](:[cH])-[O]
719,[c](-[c](:[cH]):[cH])(:[c](:[c])-[Cl]):[c](:[c])-[Cl]
720,[S](=[O])(=[O])(-[NH]-[c](:[n]):[s])-[c](:[cH]:[cH]):[cH]:[cH]
721,[nH](:[c]):[c]
722,[S](-[NH2])(=[O])(=[O])-[c](:[cH]):[s]
723,[c](-[c])(:[c]):[c]
724,[c]1(-[N]=[N]-[c]):[cH]:[cH]:[cH]:[cH]:[cH]:1
725,[N]
726,[cH](:[c]):[cH]
727,[O](-[CH2]-[CH])-[C](-[c])=[O]
728,[Br]
729,[c]1(=[O]):[nH]:[c](=[O]):[n]:[cH]:[c]:1-[F]
730,[c](:[cH])(:[cH])-[CH2]
731,[cH]1:[cH]:[cH]:[c]:[c](:[cH]):[c]:1:[cH]:[cH]
732,[c](-[NH2])(:[cH]:[c]):[c](:[cH])-[O]
733,[CH2]1-[c](:[cH]:[cH]):[c](:[c])-[O]-[C]-1(-[CH3])-[CH3]
734,[C](-[NH])(=[O])-[O]
735,[CH](-[C])(-[CH])-[NH]
736,[cH](:[cH]:[cH]):[c](-[c]):[cH]
737,[c](:[cH]:[cH])(:[cH]:[cH])-[N](-[CH3])-[CH3]
738,[c](:[cH]:[c])(-[O]-[CH2]):[c](:[cH])-[O]
739,[CH2](-[CH2])-[CH]
740,[cH]1:[cH]:[cH]:[c]:[c](-[O]):[cH]:1
741,[CH2](-[c])-[N]
742,[c]1(-[Br]):[cH]:[cH]:[c]:[cH]:[cH]:1
743,[NH](-[c](:[cH]):[cH])-[S](-[c])(=[O])=[O]
744,[c](:[cH]:[c])(:[c](:[c])-[OH])-[C](-[CH3])(-[CH3])-[CH3]
745,[c](:[cH])(:[cH])-[OH]
746,[CH2](-[O]-[C])-[CH](-[CH2])-[CH2]
747,[n](:[cH])(-[CH2]):[n]
748,[NH](-[C](=[O])-[NH]-[S])-[c](:[n]:[c]):[n]:[c]
749,[C](-[CH3])(-[CH3])(-[CH3])-[CH]
750,[c](:[c])(:[nH])=[O]
751,[C](-[CH3])(=[O])-[O]-[c]
752,[CH](-[C])(-[CH2])-[NH2]
753,[O]=[N+]
754,[c](-[OH])(:[cH]:[cH]):[cH]:[cH]
755,[c]1(-[O]-[c](:[cH]):[cH]):[cH]:[cH]:[c]:[cH]:[c]:1-[Cl]
756,[cH]1:[cH]:[c](-[c]):[cH]:[cH]:[c]:1-[OH]
757,[O](-[C](-[NH])=[O])-[c](:[c]):[cH]
758,[c](:[n])(:[nH])=[O]
759,[cH](:[cH]:[cH]):[c](:[c]):[nH]
760,[c]1(-[NH]-[C](-[CH])=[O]):[cH]:[cH]:[cH]:[cH]:[cH]:1
761,[cH]1:[cH]:[c](:[cH]):[c]:[c](:[cH]):[cH]:1
762,[CH2](-[c])-[S]
763,[c]1(-[NH2]):[cH]:[cH]:[c]:[c](-[S]):[cH]:1
764,[CH2](-[O]-[C](-[c])=[O])-[CH](-[CH2]-[CH2])-[CH2]-[CH3]
765,[CH2](-[O]-[C](-[c])=[O])-[C](=[O])-[N](-[CH2])-[CH2]
766,[c](-[Br])(:[cH]:[cH]):[cH]:[c]
767,[N](-[CH2])(-[CH2])-[CH2]
768,[c](=[O])(:[nH]:[c]):[nH]:[c]
769,[c](:[cH]:[cH])(:[cH]:[cH])-[N+](=[O])-[O-]
770,[c](-[CH])(:[cH]):[o]
771,[c](:[n])(:[n])=[O]
772,[cH](:[cH]:[cH]):[c](:[cH])-[C]
773,[N](=[C])\[O]
774,[cH]1:[cH]:[c](-[Cl]):[c]:[cH]:[c]:1-[C](=[O])-[OH]
775,[CH2](-[c])-[CH3]
776,[O](-[CH2]-[O])-[c](:[c]):[cH]
777,[CH2](-[CH2]-[C])-[CH2]-[O]
778,[cH]1:[cH]:[c](-[C]):[cH]:[cH]:[c]:1-[F]
779,[cH](:[cH]:[c]):[c](:[cH])-[CH]
780,[c](-[NH2])(:[cH]:[cH]):[cH]:[cH]
781,[O](-[CH3])-[c](:[cH]):[cH]
782,[CH2](-[CH2]-[CH3])-[N](-[c])-[CH2]
783,[SH]-[c]
784,[CH2](-[CH2]-[CH2]-[CH2])-[CH2]-[CH2]-[CH2]
785,[N+](=[O])(-[O-])-[c](:[cH]):[cH]
786,[cH](:[n]:[c]):[n]:[c]
787,[cH](:[cH]:[c]):[n]:[c]
788,[cH]1:[cH]:[cH]:[cH]:[c](-[N]):[cH]:1
789,[CH](-[N]=[N]-[c])(-[C](-[CH3])=[O])-[C](=[O])-[NH]-[c]
790,[N]#[C]
791,[cH]1:[cH]:[cH]:[cH]:[c](-[NH]):[c]:1-[C](=[O])-[OH]
792,[NH](-[C])-[c]
793,[NH](-[CH]=[O])/[C](-[C])=[CH]
794,[CH2](-[CH3])-[CH2]
795,[n](:[cH]:[cH]):[c](:[n])-[NH]
796,[C](-[c])(-[CH3])=[O]
797,[S](-[CH3])-[c](:[n]):[n]
798,[C](-[CH2])(-[N])=[O]
799,[c](:[cH])(:[cH])-[CH3]
800,[O](-[CH3])-[C](-[C])=[O]
801,[c](:[cH])(:[cH])-[N]
802,[n](:[c])(:[c])-[CH2]
803,[Cl]-[C]
804,[cH](:[c](-[CH]):[cH]):[c](:[c])-[O]
805,[cH]1:[cH]:[c](-[c]):[cH]:[cH]:[c]:1-[Cl]
806,[nH](:[c]):[cH]
807,[C]
808,[NH2]-[CH]
809,[C](-[c])(-[F])(-[F])-[F]
810,[P]
811,[c](:[cH])(:[cH])-[S]
812,[n]1:[cH]:[n](-[CH2]):[c](:[c]):[c]:1:[n](:[c])-[CH3]
813,[O]1-[CH2]-[c](:[cH]):[c](:[cH])-[C]-1=[O]
814,[OH]-[P]
815,[S](-[c])(-[N])(=[O])=[O]
816,[cH](:[cH]:[c]):[c](:[cH])-[Cl]
817,[NH](-[CH2]-[NH])-[S](-[c])(=[O])=[O]
818,[C]1(=[O])-[c](:[cH]:[cH]):[c](:[cH])-[C]-[c](:[c]):[c]-1:[c](:[cH])-[NH]
819,[CH2](-[c](:[cH]):[cH])-[c](:[cH]):[cH]
820,[C](-[CH])(=[O])-[OH]
821,[cH]1:[cH]:[cH]:[c]:[c](:[n]):[cH]:1
822,[P](=[S])(-[O]-[CH3])(-[O]-[CH3])-[O]-[c](:[cH]):[cH]
823,[CH](-[CH3])(-[CH3])-[CH2]
824,[c]1(-[CH3]):[cH]:[cH]:[c]:[cH]:[cH]:1
825,[c](-[CH]=[O])(:[cH]:[c]):[cH]:[cH]
826,[cH]1:[cH]:[cH]:[cH]:[cH]:[c]:1-[CH2]-[O]
827,[c](=[O])(:[nH]:[c]):[c](:[c]):[nH]
828,[n](-[c])(:[c]):[n]
829,[cH](:[cH]:[c]):[c](:[cH])-[CH]
830,[c](:[cH])(:[cH])-[N]
831,[n](:[c]):[c]
832,[cH](:[cH]:[c]):[c](:[c])-[NH]
833,[S](-[c])(-[NH2])(=[O])=[O]
834,[cH](:[n]:[c]):[nH]:[c]
835,[cH](:[c](:[cH])-[O]):[c](:[cH]):[c]
836,[S](=[O])(=[O])(-[OH])-[c](:[c]):[cH]
837,[CH2](-[c])-[OH]
838,[O-]-[N+]
839,[c](-[Cl])(:[c](-[c]):[c]):[c](:[cH])-[Cl]
840,[C](=[O])(-[NH]-[c])-[NH]-[S]
841,[CH3]-[O]
842,[cH](:[cH]):[n]
843,[cH](:[cH]:[c]):[c](:[cH])-[NH]
844,[CH3]-[CH]
845,[cH]1:[cH]:[cH]:[cH]:[c](:[n]):[c]:1:[o]:[c]
846,[C](-[CH3])(=[O])-[O]-[CH2]
847,[C](=[O])(-[NH]-[c])-[c](:[cH]):[c]
848,[cH]1:[cH]:[c](-[C]):[cH]:[c](-[C]):[cH]:1
849,[cH]
850,[CH](\[CH])=[CH]
851,[cH]1:[cH]:[c](-[C]):[cH]:[cH]:[c]:1-[OH]
852,[CH2](-[n])-[O]
853,[S](-[CH2])-[P]
854,[CH](-[CH3])(-[CH3])-[CH2]-[c]
855,[cH](:[c]):[nH]
856,[N](-[CH])=[N]
857,[c](:[cH]:[cH])(:[cH]:[cH])-[CH2]-[CH]
858,[S](=[O])(=[O])(-[NH]-[c](:[cH]):[n])-[c](:[cH]:[cH]):[cH]:[cH]
859,[cH]1:[cH]:[c](-[C]):[cH]:[cH]:[c]:1-[CH3]
860,[c](:[c])(:[n]):[nH]
861,[C](=[O])(-[O]-[c](:[cH]):[c])-[N](-[CH3])-[S]-[N]
862,[cH](:[c](:[c])-[CH3]):[c](:[c])-[OH]
863,[O](-[CH2]-[C])-[c](:[cH]):[cH]
864,[cH]1:[cH]:[cH]:[cH]:[c](-[O]):[c]:1-[CH3]
865,[C](=[O])(-[NH]-[CH3])-[O]-[c]
866,[O](-[C](-[c])=[O])-[c](:[cH]):[cH]
867,[c]1(-[Cl]):[cH]:[cH]:[c]:[cH]:[c]:1-[Cl]
868,[c](:[cH]:[c])(-[O]-[CH3]):[c](:[c])-[O]
869,[c]1(-[OH]):[cH]:[cH]:[c]:[cH]:[c]:1-[N+](=[O])-[O-]
870,[CH2](-[CH3])-[CH2]-[O]
871,[CH2](-[CH2]-[CH2]-[N])-[N](-[c](:[cH]):[c])-[c](:[c]):[cH]
872,[NH](-[CH3])-[C](=[O])-[O]
873,[c](:[c])(-[CH2]):[n]
874,[C](-[CH2])(-[NH2])=[O]
875,[cH](:[c]):[c]
876,[c](:[cH]:[cH])(-[c](:[c]):[cH]):[c](:[cH])-[Cl]
877,[c]1(-[Cl]):[cH]:[cH]:[c]:[c](-[Cl]):[c]:1-[Cl]
878,[O](-[C](-[c])=[O])-[CH](-[CH3])-[CH3]
879,[C](-[c])(-[N])=[O]
880,[c](:[cH]:[c])(:[c](:[cH])-[O])-[N+](=[O])-[O-]
881,[N]
882,[c](:[cH]:[cH])(-[C](=[O])-[OH]):[c](:[cH])-[NH]
883,[c](:[cH]:[cH])(:[cH]:[cH])-[S](-[NH])(=[O])=[O]
884,[OH]-[C]
885,[c](:[c])(:[cH]):[s]
886,[CH](-[CH2])(-[CH2])-[n]
887,[CH2](-[CH2])-[CH2]
888,[c](:[cH])(:[cH])-[NH2]
889,[cH]1:[cH]:[c](-[S]):[cH]:[cH]:[c]:1-[CH3]
890,[CH2](-[CH2]-[CH])-[CH2]-[CH2]
891,[cH](:[cH]:[c]):[c](:[c])-[n]
892,[CH2](-[CH3])-[O]-[CH2]
893,[O]=[C]
894,[c](-[Cl])(:[cH]:[c]):[c](:[c])-[OH]
895,[CH2](-[CH2]-[CH3])-[CH2]-[NH]
896,[cH](:[cH]:[c]):[c](-[c]):[cH]
897,[O](-[CH])-[CH]
898,[CH2](-[C])-[CH3]
899,[CH2](-[CH])-[O]
900,[cH]1:[cH]:[cH]:[c]:[c](-[C]):[cH]:1
901,[NH](-[C](-[CH2])=[O])-[c](:[cH]):[cH]
902,[cH](:[cH]:[cH]):[o]:[c]
903,[cH](:[c](:[cH])-[C]):[c](:[cH])-[C]
904,[F]
905,[cH]1:[cH]:[c](-[OH]):[cH]:[cH]:[c]:1-[CH2]-[CH2]
906,[O](-[CH3])-[C](-[c])=[O]
907,[cH]1:[n]:[cH]:[c]:[c](:[n]):[n]:1
908,[c](:[n])(:[nH])=[O]
909,[c](:[cH])(:[cH])-[Br]
910,[c](:[c])(:[cH])-[NH2]
911,[cH](:[c](:[cH])-[CH3]):[c](:[c])-[NH2]
912,[C](-[C])(-[CH2])(-[CH2])-[S]
913,[c]1(-[C](=[O])-[O]-[CH2]):[cH]:[cH]:[cH]:[cH]:[cH]:1
914,[C](=[N])=[S]
915,[n](:[cH]:[cH]):[c](:[c]):[c]
916,[c](:[cH]:[c])(:[cH]:[cH])-[N+](=[O])-[O-]
917,[c](:[cH]:[cH])(-[S]-[c]):[c](:[cH])-[N]
918,[c]12:[cH]:[cH]:[c]:[cH]:[c]:1-[O]-[CH2]-[O]-2
919,[cH]1:[cH]:[n]:[c]:[c](:[cH]):[cH]:1
920,[c](:[cH])(:[c])=[O]
921,[c]1(-[N]=[N]-[c]):[cH]:[cH]:[c]:[cH]:[c]:1-[CH3]
922,[c](:[cH]:[cH])(:[cH]:[cH])-[S](-[N])(=[O])=[O]
923,[cH]1:[cH]:[cH]:[c]:[cH]:[cH]:1
924,[c](:[c])(:[cH])-[S]
925,[cH]1:[cH]:[cH]:[c]:[c](:[c]):[c]:1-[c](:[c]):[cH]
926,[CH2]
927,[CH2](-[CH2])-[N]
928,[c]1(-[O]-[CH3]):[cH]:[cH]:[c]:[cH]:[cH]:1
929,[c](-[CH3])(:[cH]:[c]):[cH]:[c]
930,[c](-[Cl])(:[n]:[c]):[n]:[c]
931,[N](-[c])=[N]
932,[cH](:[n]):[n]
933,[n](:[cH]:[n])(-[CH2]-[C]):[n]:[cH]
934,[c](:[cH]:[cH])(-[O]-[C]):[c](:[cH])-[O]
935,[n]
936,[cH]1:[cH]:[cH]:[c]:[c](-[Cl]):[c]:1-[Cl]
937,[cH]1:[cH]:[cH]:[c]:[cH]:[c]:1-[O]-[c]
938,[cH](:[n]:[cH]):[c](-[C]):[cH]
939,[N+]
940,[c](:[cH]:[cH])(:[cH]:[cH])-[c](:[cH]):[cH]
941,[C](-[CH])(=[O])-[O]
942,[CH](-[CH])(-[CH2])-[NH]
943,[CH3]-[N]
944,[O](-[CH2]-[CH3])-[c](:[cH]:[cH]):[cH]:[cH]
945,[cH]1:[cH]:[c](-[NH]):[cH]:[cH]:[c]:1-[O]-[CH2]
946,[c](:[c])(:[cH])-[O]
947,[I]-[c]
948,[c](:[cH]:[c])(:[cH]:[cH])-[O]-[CH3]
949,[c]1(-[Cl]):[cH]:[c](-[Cl]):[c]:[cH]:[c]:1-[Cl]
950,[CH2](-[CH2])-[O]
951,[cH]1:[cH]:[cH]:[c]:[c](:[cH]):[cH]:1
952,[c](-[OH])(:[cH]:[cH]):[c](:[c])-[OH]
953,[cH]1:[c](-[Cl]):[cH]:[c]:[c](-[Cl]):[c]:1-[Cl]
954,[CH](-[CH3])(-[CH3])-[O]
955,[cH]1:[cH]:[cH]:[c]:[c](-[CH2]):[cH]:1
956,[c](:[c])(:[cH])-[C]
957,[CH](\[C])=[CH]
958,[c](:[c])(:[cH])-[NH]
959,[CH2](-[CH2]-[CH2]-[c])-[CH2]-[CH2]-[CH2]
960,[c](:[c])(:[c]):[c]
961,[cH](:[cH]:[cH]):[c](-[C]):[cH]
962,[c]1(-[Cl]):[cH]:[cH]:[c]:[c](-[Cl]):[cH]:1
963,[CH](=[O])-[c](:[cH]):[cH]
964,[cH](:[c](-[C]):[c]):[c](:[cH])-[N+]
965,[C](-[NH])(-[NH])=[O]
966,[NH](-[C](-[NH])=[O])-[c](:[cH]):[cH]
967,[c](-[C])(:[c]):[cH]
968,[O](-[CH2])-[CH2]
969,[n](-[c])(:[c]):[c]
970,[cH]1:[n]:[cH]:[cH]:[cH]:[c]:1-[C](=[O])-[O]
971,[NH](-[CH3])-[CH2]
972,[C](=[O])(-[CH2]-[O])-[O]-[CH2]
973,[O](-[CH2]-[C])-[C](-[c])=[O]
974,[cH](:[cH]:[cH]):[c](:[c])-[Cl]
975,[cH](:[cH]:[cH]):[c](:[c])-[CH3]
976,[C](-[CH])(=[O])-[OH]
977,[cH]1:[cH]:[c](-[CH2]):[cH]:[cH]:[c]:1-[O]-[CH3]
978,[CH2](-[CH2]-[CH2])-[c](:[cH]):[cH]
979,[cH]1:[cH]:[cH]:[c]:[c](-[CH3]):[cH]:1
980,[CH2](-[C])-[O]
981,[cH]1:[c](-[Cl]):[cH]:[c]:[cH]:[c]:1-[Cl]
982,[CH2](-[O]-[c](:[cH]):[cH])-[C](=[O])-[OH]
983,[c]1(-[Cl]):[cH]:[c](-[Cl]):[c]:[cH]:[c]:1-[c](:[c]):[c]
984,[cH](:[cH]:[cH]):[c](-[C]):[c]
985,[N](-[C])(-[CH2])-[CH2]
986,[cH]1:[cH]:[c](-[CH]):[o]:[c]:1-[N+](=[O])-[O-]
987,[NH](-[c](:[cH]:[cH]):[n]:[cH])-[S](=[O])(=[O])-[c](:[cH]):[cH]
988,[O](-[CH3])-[c](:[n]):[n]
989,[cH]1:[cH]:[cH]:[c]:[c](:[c]):[cH]:1
990,[NH](-[CH2]-[CH3])-[c](:[n]):[n]
991,[c](:[cH]:[cH])(-[O]-[CH2]):[c](:[cH])-[Cl]
992,[cH](:[cH]:[cH]):[c](:[c])-[S]
993,[cH](:[cH]:[cH]):[c](:[cH])-[C]
994,[CH2](-[CH2]-[CH3])-[C](=[O])-[O]-[CH2]
995,[C](-[CH3])(-[CH3])=[N]-[NH]
996,[CH2](-[CH2]-[N])-[NH]-[CH2]
997,[O](-[CH3])-[c](:[cH]):[n]
998,[N](=[CH])\[N]
999,[CH2](-[CH2]-[O])-[c](:[cH]):[cH]
1000,[cH]1:[c](-[F]):[c](-[N]):[cH]:[c](:[n]):[c]:1:[c](:[c])=[O]
1001,[c](:[n]:[c])(:[n]:[c])-[S]-[CH3]
1002,[CH](=[CH])\[CH2]
1003,[O](-[CH3])-[N]
1004,[O]=[CH]
1005,[cH](:[n]:[cH]):[n]:[c]
1006,[c](:[cH]:[cH])(-[O]-[CH3]):[c](:[cH])-[NH]
1007,[cH]1:[cH]:[cH]:[cH]:[c](-[C]):[c]:1-[C](=[O])-[OH]
1008,[c]12:[cH]:[cH]:[cH]:[cH]:[c]:1:[c](:[cH]):[c]:[cH]:[cH]:2
1009,[c](-[CH])(:[cH]):[cH]
1010,[c](:[c])(:[c])-[CH2]
1011,[c](:[c])(:[c])-[Cl]
1012,[c](-[CH]=[CH2])(:[cH]:[cH]):[cH]:[cH]
1013,[c](-[CH3])(:[cH]:[c]):[cH]:[cH]
1014,[CH](-[CH2])(-[CH2])-[OH]
1015,[O](-[CH2]-[C](=[O])-[O])-[c](:[cH]:[cH]):[c](:[cH])-[Cl]
1016,[nH](:[c](:[n])=[O]):[c](:[c]):[n]
1017,[CH3]-[C]
1018,[c](:[cH]:[cH])(:[cH]:[cH])-[CH2]-[O]
1019,[CH]
1020,[S](-[c])-[c]
1021,[c](-[Cl])(:[cH]:[c]):[c](:[c])-[O]
1022,[CH2]=[C]
1023,[c]1(-[Cl]):[cH]:[c](-[c]):[c]:[c](-[Cl]):[cH]:1
